Social_media 	No creo que t√∫ hayas venido a parar al infierno. T√∫ no has venido, ¬øverdad? T√∫ no has cre√≠do, ¬øverdad?	Akuxi yuri neukati'erie kename pehe't+a NEKEMA.....Kepai pekatikuyet+ pemuta'uku'eiri..Tsepakutari kauka m+ya'tey+n√©mete..
Social_media 	Por favor, Ne Kie Ten	Hik+m+t+ka Ne Kie Teuteneiyu
Social_media 	Mi Hermano	Ne Meri Ne Atste Nawani Au
Social_media 	Buenos d√≠as..	Aix+ xe uyuaxe jeje..
Social_media 	que cay√≥ bien y fue mi compa√±ero	keta aix+ peka tiuka etsa ne hamiku
Social_media 	que muchacha... nadie puede dejar suficiente	kekuta ukari... xewit+ x+a karana yu hayewa jjjh
Social_media 	para que venga el veneno de alguien desconocida!...	Em+ panik+ uayeyari xewit+ kati mate!...
Social_media 	estuvo envenenado...	Xeime pere¬¥uayemani...
Social_media 	CONSTITUCI√ìN POL√çTICA..	PE WA RU Kwi 'ini..
Social_media 	Tienes raz√≥n de m√°rmol..	Tienes razon neamiku..
Social_media 	Gracias a nosotros. Est√°s satisfecho.	Pampariyutsi netatatsi. 'aix+a pereu'erieka.
Social_media 	Jjjjjjjjjjjjjjjjjjjjjjjjjjjjjjjjjjjjjjjjjjjjjjjjjjjjjjjjjjjjjjjjjjjjjjjjjjjjjjjjjjjjjjjjjjjjjjjjjjj	Jjjj yarik+ bn aca xeik+ la loca jjj gracias mi bella te kiero
Social_media 	CONSTITUCI√ìN POL√çTICA DE LOS ESTADOS UNIDOS MEXICANOS QUE REFORMA LA DE 5 DE FEBRERO.	PAMPARIYUTSI XEYUNAIT+ 'IWAMARIXI XEM+TATSI'UPAREWI. wixarika kem+tiy+aneni..tawet++ ri
Social_media 	Mira! Ya est√° aqu√≠ mi casa, y vendremos a tomarla, y le daremos una sepultura.	Hiik+ ri x+a, k+m+ ri nekie. 'echiwa naw√° tep+'iyu, xak√≠ tep+kwiyu. Nep+xe'inie 'iwamarixi nekie El Buruato... XAK√ç KANIKWAIYAKA.
Social_media 	CONSTITUCI√ìN POL√çTICA DE LOS ESTADOS UNIDOS MEXICANOS...	WEIYAK+ XITAKWA MIEME...
Social_media 	CONSTITUCI√ìN POL√çTICA DE LOS ESTADOS UNIDOS MEXICANOS	XEP+KAUYEWEK√Å 'IWAMARIXI XEYUINAIT+
Social_media 	Padres, sentencien con nuestro dormitorio"-	Tamatsi Kauyumarie ta kupuri mat+a meyueniet+*
Social_media 	y ha llorado mientras yo estaba en el campo"-	Ha tsuat+ me t+a ne ne hei yehuakaku*
Social_media 	-"T√∫ eres su esposo, duende"-	ek+ pa+na, chipeureuerieka*
Social_media 	que no puede ser as√≠	Kauka m+pa+ aneni
Social_media 	M√≥n√≥n de Ampa√±a con Au	M+k+ Ts+ Ampapa Xei Waxayaritsie Ekame Au Yak+
Social_media 	Jajajaj est√° bien	Jajajajaj Aix+ Ts+
Social_media 	Wixarika no es un juego de armas, pero la monta√±a es un juego de armas	Wixarika Ts+ Kwinie Katiyu Yeiwieka,m++ri Teka Heu Uwame Xe Te Eerie
Social_media 	Es un verdadero collar.	Yemets+ karik+ wixarika.
Social_media 	por ejemplo el aceite de oliva!	tam+ paraxi teukarieya! taparie kiekame...
Social_media 	¬°Tampoco! Por cierto... Jej	Tam+! Ukits+ karik+... Jej
Social_media 	Est√° bien. ¬°Maestro, nuestro hermano ha ganado!	'Aix+ kwenet+. Nematsuri. 'Uxa'a ta'equipo m+ra'iwa. Pa+ reik+a!
Social_media 	Aaa... es cierto... suave... es eso... comido	Aaaaaa....k kuta....kaukatsi....m+pa+ane....kwa aa
Social_media 	Estaba vac√≠a	Aaa kaukats+
Social_media 	¬øC√≥mo se llama tu hija	Ketitewa a niwe
Social_media 	mi hija se sent√≥ as√≠	ne niwe hapa+ ranyererie
Social_media 	yo me entristezco... como un p√°jaro llorando.. s√≠...jj	Ne peyuksheiweriet+ya...wiki matsuaka hepa+..k kuta....jjj
Social_media 	Jijijiji..jalisco..quien..	Jijijiji k paist+..jalisco..tanaka..
Social_media 	¬°Ya no estoy aqu√≠! ¬°Nadie va a venir!"-	Yeri neka ni tuaka! xewit+ mi axe!
Social_media 	tantas como quieras con mis pies, c√≥rtate conmigo y yo te ayudar√©,	Keepa+meme Pemaat+k+ Ke Ne At+a Ne Kie,keetiuuru M+k+ Ne Wixi Ne Kani Mim+k+,jaaajaajaa
Social_media 	La ni√±a. No.	Uka nunutsi. Hawaik+.
Social_media 	Presidente de Chile	Chilekunielet+ kename jiji
Social_media 	que puedo hacer yo!-	kekuta ne anet+ nepu hayewarie!
Social_media 	Mis parientes, mis hermanos, ¬°est√°n durmiendo!... ¬°Ya tenemos el sue√±o!	Ne marema, ne 'iwama, ne hamikuma xeke neu kutsuniri pu y+wi!... Teuwa reu hein+kaniri! 'Uxa 'a ta.
Social_media 	¬øQu√© ir√° a ser de ella? .. Yo tambi√©n quiero ganarle.	Kekuta penawanieni rik+ uka apetewa. ..ne tsiere muwa p+netsinake ta iwamua wajets+a.
Social_media 	el cuervo caer√° sobre mi suerte, y la cargar√°. Tengan cuidado.	kuaits+ peukuweni ne walu,kalima la wiyat+.amarima ax+a.
Social_media 	qu√© es lo que hace mi mujer. Est√° robando a la ni√±a.	Ke kuta muwa pereyuriene ne ukaratsi. Penawairiene rik+ uka nunutsi.
Social_media 	Est√°s loco.	Aix+a pep+reu'erieka.
Social_media 	Pues... una mujer que realmente es viuda y ha quedado en indigencia. Y si un hombre piensa que es fiel a su esposo, ¬øno se sentir√° animado a cuidarlo?	Kuai...ukaratsi matsi rik+ p+'+imaririk+ akuxi..tawewiekame metseje'+wiyani aix+a pep+reu'erieka yunait+ ak+na tsiere yunait+ aix+a xep+tejeu'erieka.
Social_media 	que consumi√≥ mi madre.	k petitemaiku ne iwaru.
Social_media 	Jajaja. Fuera.	Jajaja.Ket+kuta..
Social_media 	Estando	M+k+tat+
Social_media 	Jajajaja y su espejo	Jajajaja ya rik+
Social_media 	Yo soy el perro del lobo jajajaja	Ne matsi baik+ ek+ p+ta ts+ Pe m+ramate jajajaja
Social_media 	De la Soberan√≠a Nacional y de la Forma de Gobierno	Ne kuta Ne mere yuriüòÇüòÇüòÖüòÖ
Social_media 	Buenos d√≠as...???	Kuay kuuta ya k+t+ ..!??
Social_media 	Puede ser que Mnnn haya tenido	Mnnnn ashh tsepa kutaüòíüòíüòí
Social_media 	mientras que yo estoy p√°rado aqu√≠	Mets+ ne u ta tatawe t+ma
Social_media 	retirar la jajajaja	Katira jajajaja
Social_media 	De las Partes Integrantes de la Federaci√≥n y del Territorio Nacional	Jajaj echiwat+kakuüòÇüòÇüòÇüòÇüòÇüëåüëçüéÇ
Social_media 	que nunca	Ketukuta
Social_media 	mostrando mi amistad..	Tsipep+titemaik+ ne hamika..
Social_media 	¬°Tambi√©n el d√≠a de su nacimiento...! ¬°Tiempo de puericultura.!!	Tatukari matinuiwax√º..! Teiwarixi makateniter√ºwa..!!
Social_media 	Gracias a todos. Yo se lo agradezco. ...mi mujer siempre ha estado dispuesta a llevarme	Pampariyutsi yunait√º.  ne ti neu yeh+virieka ...neuka uy+vekax+a ne matxi je te+takekai k+
Social_media 	-"P√°senle un cuenco y cu√©ntenlo en el hocico..." -"pero yo quiero ver que les da igual."-	Ja'i'nepana na iwuanua warata ixate chuizeteana.....ke aku ne iwamua kexejait+ka hatsimariyatari..
Social_media 	¬°Un perro, unos ojos saltones! ¬°Tus ojos me han visto!	'A ts√ºk√º, h√ºxite k√ºtaxawi!! Kui punetsixeiya!!
Social_media 	que era tan joven como t√∫.	 ke ti temaik+ a hepa+.
Social_media 	Pueblo de mi pueblo.. ¬°Fuera de aqu√≠, ustedes pudieron ser curados!...	'Ukari ne kie kiekatari..! Tukari xenewauka, xeme xep√ºtatsayeh√ºt√ºwa..!  ine
Social_media 	exactamente como quieres que yo lo haga... yo lo comer√©...	yemets+ yuripepaine + nepeiye +wa...nepeikwaim+k+...
Social_media 	Ukilla no ten√≠a dinero para	Ukiratsi kepatme tumini pemeu
Social_media 	Buenas tardes	Etsiwa ts+karik+te
Social_media 	As√≠ es la flor.	√Å+ tuuturi.  Puwarika
Social_media 	donde quieras que te vea mi madre.	Hakewa pepeyeika nemama metseuxeiyam+k+.
Social_media 	A casa. Vuelvo a los muertos, ya no puedo m√°s aqu√≠.	Ne kie. Uxa√† xeikua nep√ºkuyani. warie ena nepukani.
Social_media 	mi cabeza m√°s grande que tu jabal√≠	nemupau aneme nekemate aixupuane
Social_media 	Pan√°s como un	Panasi wa 'at+
Social_media 	puso mi vida	peti ne tukari
Social_media 	era lo que yo sab√≠a.	p+ ne ma ti maikai.
Social_media 	inclinaci√≥n... baj√≥. Ahora est√°s cantando	Tsinereu eriet+...ukaaa. Airr+a rik+ pep+tiukuika
Social_media 	Amados hermanos, denle un beso a todos	Ne 'iwama. 'aix+ xeketenayutuat+k+kani yunait+
Social_media 	√âl lleg√≥ a mi habitaci√≥n y yo quiero dormir a√∫n	KE'AKU Ne kita ne pe t+a akuxi ne jaukum+t+ Ne+ h+k+
Social_media 	Au!... ¬°Tambi√©n es mi compa√±ero! No	Au!... Ek+ tsiere ne iwa!  Hawaik+
Social_media 	y la pr√≥xima vez que la veas, ser√°s feliz	'ai+ ts+ peureumieni, peta'ameketari patina'+t+am+k+
Social_media 	MI HERMANO DE UN GOLPE	Yuka+ye kukame NE Y+NA NE TA KWANI
Social_media 	motivo por el cual est√°s tan enfermo que podr√≠as...	Ek+ts+ pe h+k+ kwinie neumareuheh+wa tsepa pemawerani...
Social_media 	PRIMERA HISTORIA	KWINIE NE MA REU YE H+WA
Social_media 	era mi criada en nuestros mares	ike pe ne tsi 'uyuri  tatei haramara
Social_media 	CONSTITUCI√ìN POL√çTICA DE LOS ESTADOS UNIDOS MEXICANOS	METEKAYUIT+ANI T+KARIMA TUUTU PE H+K+
Social_media 	Porque el d√≠a de hoy se acerca m√°s y m√°s, el Per√∫ se acerca con m√°s fuerza,	Hik+ tukaritsie paye'axe wa+ka 'iy√° yamureyu'iwa. Peru iya matsi wa+ka paye'axe 'ukah+iwat+ m√∫mie
Social_media 	Vayamos a su casa, ahora que los hermanos han de volver, porque Dios nos da su descanso!	Hik+m+ri takie, ta 'iwamarixi tewah+awiyu 'ariri teyuwatsirieyu. Te 'uxipiet+ naime te 'uyuruwat+
Social_media 	hab√≠a ca√≠do ahora y est√°s parado en mi coraz√≥n	wichipenekai hik+tari ne iyarita pepu'ane
Social_media 	D√≥nde est√°, pues, aquel sentido de bendici√≥n que tuvimos? Pues testigo soy en favor nuestro de que descendiendo, y nosotros somos los √∫nicos que le preguntamos.	Kepa+ tey+me tayeiyari tekuhana?. Ta 'aurie memu'uwa, metexeiya tuiyaripa+. Kari tame taniuki pukayet+r+ka+ye. N+ts+ tame tah+k+ate tepuyuyurie
Social_media 	Ayer al atardecer cantamos juntos	Takai taika tek+ tep+ tek+a tap+a purekei
Social_media 	Pero por alguna circunstancia te fuiste, y a√∫n me dejaste un hombre m√°s grande. Vete lejos, y mata	Titak+ kuta peret+a, haweri nea aneme penetsuku'eiri. Tsepakuta kenemie tewa, muata pekwamieni
Social_media 	Buenas palabras te dir√© claramente que eres mi esp√≠ritu	Wa+ka niuki nekauweiyat+ heitseriemek+ nemerah+awe 'ek+ ne 'iyari pepakat+k+
Social_media 	Al a√±o siguiente, antes de reanudar el viaje, el samaritano dio dos denarios,	Hik+ri tawari xeime witari temayex+t+axime, 'ariri mahula xeime tekatsutuani. 'Aix+ yeme hik+ tepauyu 'anat+aka, temanuti'ax+anik+ titatsie temute'uka x+riya 'ik+ witari mankat+a
Social_media 	dicen que gritar√©. Pero ahora morir√°n. Mis hermanos	xeniu neu hiwam+k+ni. Hik+rix+a xepa+y+m+aka. Ne iwama
Social_media 	Me acerqu√© a mi casa y me dije: ‚Äú ¬øQui√©n est√° lejos de m√≠, de quien he salido? No sabemos de d√≥nde hemos salido.	Heiwa nekie ne haye erieme neyuti h+awe, kepai tewa neuyeikat+ aix+ ne iyari kwa ane. Tanait+ts+ teni inierieka tatei yurieneka tekakah+aka
Social_media 	Por lo que se llama... ..el hombre baj√≥ por causa de sus dolores y angustias,	Titari muku titewa.......yurienaka ti uki pu uka'a ayumieme yarreykua te petiyune yeme ku teuteri te puka u'iyari axa te pu,te
Social_media 	Yo ya s√© que lo que hace falta en mi boca es comer algo sacrificado a los √≠dolos.	nenikeyu nekwa nemaiwe, xeniu ta h+k+ate te y+waweme teyu'erie yemekuta pa+kwa'ane. Tsiere hauyewet+ payeika
Social_media 	No sabemos qu√© clase de palabra es aquella	k+atsi taame temimate ke anet+ niuki Maniere ta hetsiemieme
Social_media 	Claro que s√≠, pensando, yo soy m√°s fuerte que t√∫	Heyemek+ts+m+, Tsinekaituka'eriwa, neria 'aki+amana haweri netiy+ane
Social_media 	si no puedes caer de pronto, t√∫ no podr√°s probarlo	X+ka nixeimieme pekakawe'eweni, ek+ts+ nixeimieme papuyuta'in+atawe
Social_media 	sino m√°s bien.	matsi h+ xeik+a.
Social_media 	Yo soy la madre. Yo soy la m√°s peque√±a de todas las semillas, y mis hermanos son los m√°s ricos. Yo no soy la m√°s peque√±a de todas las semillas, pero s√© que es la m√°s peque√±a de todas las plantas, y tengo todo lo que necesito para vivir. Am√©n.	Ne mama. Hik+ etsikwera nemanut+a, ne iwama chiti'aneneme metepikai. Ne hawaik+ ut+wame hekwame nekahexeiya. Wa+kawa xeik+a neretimani, nek+mana netinaneni, tsiere ki chi'aneme netawewieni muwatemayeteni.++++ nunutsi iyarieya
Social_media 	Abrimos un camino ancho, y llegamos a un lugar llamado Buenos Puertos, y buscamos el lugar donde est√°bamos reunidos. Les dimos un mensaje,	Xeimetari niuki teputsutuani, xeime huyetsie hik+tari temauni, xeime tsie kiekari temuyuxeiya. Xeik+a wa+ritsika nexeyetuirie ke 'ane hik+ memuyukatsut+ax+ani 'etsikwera mu'ut+katsie
Social_media 	Pero ustedes no hacen m√°s que desafiarme, porque para m√≠ es la vida, y usted es mi coraz√≥n.	Ek+ matsi xeik+a pexewi ne hetsie mieme peh+k+, 'ek+ netukari peh+k+, ne iyari pepakat+k+
Social_media 	El hermano, el hermano, el hermano.	Xukuri, +r+, Tsik+ri.
Social_media 	Yo, por mi parte, no tengo nada fuera de mi alcance. Solamente s√© de qu√© me sirve. Saludos de Pablo, de Bernab√© y de Pablo,	+a tinaime nekarexeiya weripuri rapi ne 'axe, nepuka'uka wautse. nets+xeik+a nenimaika titaneti'iwanet+ nem+y+ane.>>> Tiy+ +kit+wamete texawa+rit+wa ik+ matimietsie. aix+a xeteu'erieka. h+matsi xeik+a.
Social_media 	Acaso has entrado en el reino de Dios, o has ca√≠do muerto? ¬°No te preocupes, ni te aflijas! ¬øNo sabes que tu vida es mucho m√°s larga que la primera?	Hik+ xeniu a tukaritsie. 'ipa+ pauka pemutawenix+. Hik+ chipeleu'elieka pekauyuheiwerieka, 'ena 'aniwema tematsawa+rit+wa. 'Ek+ petimate kename hik+xeik+a yatekait+ka tukari yemie matsi wa+kawa tematseuye+wa
Social_media 	Si tienes un mes libre, dile adi√≥s; si tienes un hijo, dile que venga a m√≠ y que estoy cerca de √©l, porque mi Dios tiene hambre.	'Ek+ metseri mapemutiyeika x+ka muwapeixeiya, tinetah+awi kename netiuka eniwa. kename ena hulawa neiya+wa. kename ne iyari hakat+k+
Social_media 	Dices que has llamado sol. Ahora ya no merezco llamarme tu padre;	ru xeniu tau pemutater+wax+. hik+ta ne tukari kepetiter+wa huye y+wimetsie nepawe h+matsi xeik+a
Social_media 	y llorando, √©l sab√≠a que, durante el a√±o, hab√≠a estado cerca.	Wiki matsuaka, m+ts+ tinimaika kename, witari haye hulatane.
Social_media 	La Wixarika es la v√≠ctima de su coraz√≥n	Wixarika puh+k+ iya yu yeiyari mutiuweiya
Social_media 	Mientras estoy con ustedes, les ruego que me ayuden. ¬øAcaso no quieren que les suelte un vaso de agua viva?	Mana neuyeikani natasetat+ kenexewaneni, m+pa+ matsi nake yapeneti hekat+ xeik+a pemutikatei. kauka m+pa+ meninake, xeik+a 'ukalai pe hayame muwa pekwamieni ya xeik+a meteni+n+awani xawererutsixi.
Social_media 	Porque todo lo que hay bajo el cielo, es decir, los sacerdotes, y los ancianos, ¬øacaso no dicen nada? Pero Dios sabe que s√≠:	Ta het+a tinait+ mutiy+we, mara'akate waniu meteyuter+wat+, wiyemete mewa 'enie. Hik+ ke hait+ paine, titara'iwawat+ paine. xeik+a takaka+yarima menenumaika
Social_media 	Un fantasma en su coraz√≥n	 Wixarika yeiyarieya
Social_media 	El fruto de la vid es amor, y si la ra√≠z es amor, tambi√©n lo es el crecimiento.	nukukeme chipuleu 'erieka. Matsi x+ka ha+t+mek+ peuti '+wa, wat+ petiuti nuiwax+ke pereka 'eriet+yani
Social_media 	De nuestro pueblo	Ta kiekari hetsie miemek+
Social_media 	Miren! El salario que se debe a los obreros que cosecharon sus campos, pero el cual es retenido por las cosechas, sigue clamando, y los gritos por auxilio de los segadores han entrado en los o√≠dos de Dios de los ej√©rcitos.	Wixaritari mepute'uka 'eniwa wa+kawa ti hetsiemieme, kam+ hakaza tsie memuye niere, tsiere kiekaritsie mau hane 'aix+a mekateu tei. hik+tari wa kaka+yari kememute'uwet+ka mekunamiyar+wa
Social_media 	Dondequiera que est√©s, all√≠ nos separaremos unos de otros: en las orillas del mar.	+ hakewa pemeyeika, tanait+ harakuna tsie tepuye'u temiku 'eirieni tepukay+wawe: ta kie teteimare kwie temanu'uwatsie
Social_media 	Estar√≠as seguro si supieras de d√≥nde vienes	Yeiyari yuripayeika x+ka petimaika hakewa pemeyet+a
Social_media 	Y ahora, ¬øqu√© est√°s haciendo en tu pa√≠s?	Ek+ta kepeti yuriene a kiekari hetsie mieme
Social_media 	Nosotros hemos nacido juntos, y nos hemos preparado para partir.	Ta nait+ teputi nunuiwax+ ta anat+kait+, ta hetsie pu ane temuteyuti +kit+ani tenti w+x+anik+.
Social_media 	solamente con nuestro coraz√≥n sincero	xeik+a ta yeiyari tekauka h+pat+
Social_media 	uno de los cuales ten√≠a un muro que lo tapaba	xeime seik+a miuki tepanu wiyani
Social_media 	Todo est√° permitido., excepto nosotros.	tinait+ puti y+we., ta hetsie xeik+a pu'ane.
Social_media 	S√≥lo tenemos palabras para construir nuestro pueblo.	Xeime xeik+a niuki tepu wewieka ta kiekaritsie mieme k+.
Social_media 	Sin embargo, el complot de ellos contra √©l lleg√≥ a serle conocido a nuestros jueces.	Titarita kara ye 'at+awe ta its+kate, yu niuki t+t+ me 'uta tuaka.
Social_media 	En el suelo, las ovejas se juntan.	Hikuri kwieyari tsie, tayutsi tsixi memuyu ku xexe+ri wa tsie.
Social_media 	Los sacerdotes no son los √∫nicos que han o√≠do. Y, sin embargo, tampoco el sumo sacerdote es uno solo.	Echiwa n+warari te 'enieni. 'ukiratsi mara'akame n+wararieya, ta hepa+, wa hepa+ ni xeit+.
Social_media 	En lo que se refiere al comer carne ofrecida en sacrificio a los √≠dolos, sabemos que los √≠dolos no significan nada en el templo de Dios y que los √≠dolos no son nada.	Ta hetsie mieme wa+kawa pura niere, ta 'iwama wa 'aurie tepu ka 'u'uwa ya 'i heri tumini payuxuawa kwa 'ane. tekwa ta t+t+ maiyani tita te teu weiya, titari tete yu 'iwat+we, xeik+a tepu huni, tekwa 'uka x+r+weni.
Social_media 	si alguien de frente nos dec√≠a que ser√≠amos...	X+ka xewit+ ta h+xie kata mienike ke pa+ te 'anenike...
Social_media 	que ser√≠a lo √∫nico que podr√≠a hacer	kauka ya xeik+a te a nenenike
Social_media 	Vamos a educar a nuestro pueblo en la senda correcta.	Matsi h+ tepu te yu '+kit+aka ta kiekari 'aix+a ti hetsiena mieme.
Social_media 	Para los hermanos de esta √©poca los invitamos a comer su carne y sus huesos.	Ta 'iwama hik+ke miemetexi te wa 'inieka yu yeiyari me kwa teu ye h+pani.
Social_media 	a los que lo llamaban, los campesinos, los campesinos.	 te teu ter+war+wat+, hiwata'amete, hikuri h+wemete.
Social_media 	Lo que primero le agrada es la verdad.	 Ke ane kwikari ranakeni meri pai mieme, 'ena 'i xeik+a yuri yuit+arika.
Social_media 	Nuestra carne tiene m√°s fuerza que la comida, y ustedes pueden o√≠rla.	 Tame ta yeiyari matsi wa+ka paye t+r+ ka+ye. Pa 'i xeke neu 'eni.
Social_media 	Pero ¬øcon qu√© comparar√© a esta generaci√≥n? Se parece a los ni√±os que se sientan a jugar en el campo. Se quejan ante sus amigos:	 ke t+ma 'iwamarixi 'ena 'i 'echiwa ne kwaxiya ne ye tua, ta kiekari tsie mieme k+... kwit+ nerau 'ut+ani, takie kemu reu y+ane, ke mu reu 'ane. Ya xeik+a xeit+ x+ka ya ra 'eriwani, xeik+a 'ut+arika ke ne tsa n+ airieni.
Social_media 	Ojo por m√≠ con espada	xarika+ Ne Nep+ Wixarika
Social_media 	Nuestros antepasados	Temari Waniuki
Social_media 	que podr√≠a ser	ke kuta uka
Social_media 	Caperucita me quieres... no tienes gracias	uka penetsinake...waikawa Pampariyutsi
Social_media 	Y a los Wiix√°tiles les pertenece el reino	Wiixa√°ritari TUUT√ö +IMARI
Social_media 	antes de que yo haya regresado	ansina ne te ku xata ne amiku
Social_media 	empapando todas las ramas de los √°rboles y cuidando a los ni√±os para matarlos y destruirlos,	paparutzi yu naitu wixaritari rreyuwiyatu rrewi tzikurimanita uta kulurrimanowe tatei-kie aika wirikuta
Social_media 	Wixarika	Wixarika Kwikarieya
Social_media 	CONSTITUCI√ìN POL√çTICA DE LOS ESTADOS UNIDOS MEXICANOS	TA TEWARI PE MUTAWI WIKI HAP+
Social_media 	MI HERMANO DE UN GOLPE	NUNUTSI HAP+ NETUTSUA
Social_media 	Mi hermano querido	NE 'IIYARI NE MUTA TUA
Social_media 	HRIPA - Reino Unido	H+RIPA - UKA CHIPETITEMAIK+
Social_media 	Cortador de flores	TUUTU PE H+K+
Social_media 	CONSTITUCI√ìN POL√çTICA	EK+TS+ PE H+K+TS+
Social_media 	CONSTITUCI√ìN POL√çTICA DE LOS GOLPE	AWIET+MEK+ AK+ NE IYARI
Social_media 	CONSTITUCI√ìN POL√çTICA DE LOS ESTADOS UNIDOS MEXICANOS	WIXARIKA KWIKARIEYA - MAXA YUAWI
Social_media 	TERCERA HISTORIA	TUUTU MUTIWA N+T+AMA TA TEWARI
Social_media 	CONSTITUCI√ìN POL√çTICA	AK+CHA CHIMUY+T+KA
Social_media 	CONSTITUCI√ìN POL√çTICA DE LOS ESTADOS UNIDOS MEXICANOS	YU KUKURI MUKU 'EEIRI
Social_media 	PRIMERA. HISTORIA	UKA NUNUTSI. TAWEKAME
Social_media 	CONSTITUCI√ìN POL√çTICA	WIXARIKA S+YALIEYA
Social_media 	CONSTITUCI√ìN POL√çTICA DE LOS ESTADOS UNIDOS MEXICANOS	KEWA PEPEYEIKA KUNIMIE ME NE MARAUYAH+WA
Social_media 	EE.UU.	USAMA KENA KUMIENI
Social_media 	Mi hermano	NE MU MAWEKAI
Social_media 	MI HERMANO	NE MATSIKA HAKAWET+
Social_media 	MI HERMANO	NE MATSIKA AWATEYA
Social_media 	CONSTITUCI√ìN POL√çTICA	KULEMUXA ITUAYARI
Social_media 	CONSTITUCI√ìN. CONSTITUCI√ìN POL√çTICA	MEK+K+PE. WASA +IMARI
Social_media 	CONSTITUCI√ìN POL√çTICA DE LOS ESTADOS UNIDOS MEXICANOS	TATEWARI IYARIYARI
Social_media 	CONSTITUCI√ìN POL√çTICA	ATEWA TS+K+ TSIKATIYUKEWE
Social_media 	CONSTITUCI√ìN POL√çTICA DE LOS ESTADOS UNIDOS MEXICANOS	WIXARIKA H+RISTANAKA TUAPURIE TUYAHANE
Social_media 	CRIMERA HISTORIA	UKA CHIPETITEMAIK+T+
Social_media 	all√≠ los p√°jaros	eeka wixarika
Social_media 	CONSTITUCI√ìN POL√çTICA	HARIYUSI KWE 'AA
Social_media 	CONSTITUCI√ìN POL√çTICA DE LOS ESTADOS UNIDOS MEXICANOS	MARA AKAME KWIKARIEYA
Social_media 	CONSTITUCI√ìN POL√çTICA	MARA AKAME N+AWAYARI
Social_media 	Aretes de peyote	wixarika YUIT+ARIKAYARI
Social_media 	CONSTITUCI√ìN POL√çTICA DE LOS ESTADOS UNIDOS MEXICANOS	MERIPAI CHIPENEKAI TAMATSI KARAUYUMARIE
Social_media 	MI HERMANO DE UN GOLPE	K+YE HAP+RI NE KWANAM+RERI
Social_media 	podr√≠a ser el primero en tirar aqu√≠! saluda a mi familia!	kentiy+weni tsiet+ xewit meri te u uwa! saludos ne marema!
Social_media 	el perro se est√° ahogando	ts+ enk+ penka yuwe
Social_media 	El orgullo est√° en m√≠	wa+ritsika ne panu wiyani
Social_media 	CON UN GOLPE	KE KE NAN I XEIK+ari
Social_media 	mierda	neuka i axe karik+
Social_media 	puedes decir que est√°s loca!	aku xeniu penkauka ma!
Social_media 	y √©l le puede cargar	m+ tat+ le penti y+weni
Social_media 	Se dice que	Aku xeniu
Social_media 	eso es rid√≠culo	tam+ echiwa timariyat+
Social_media 	La mam√° es una de las cabritas	Tita ti h+k+ m+k+ tsipu xixieya wa at+
Social_media 	¬°Tampoco! Est√°s hecho un hombre	Tam+! Ukits+ karik+
Social_media 	CONSTITUCI√ìN POL√çTICA DE LOS ESTADOS UNIDOS MEXICANOS.	PAMPARIYUTSI XEYUNAIT+ 'IWAMARIXI XEM+TATSI'UPAREWI. MUCHAS GRACIAS A TOD@S..
Social_media 	La cuerda para que se use..__en__	wixarika kem+tiy+aneni..tawet++ ri
Social_media 	Mira! Ya est√° aqu√≠ mi casa, y vendremos a tomarla, y le daremos una sepultura.	Hiik+ ri x+a, k+m+ ri nekie. 'echiwa naw√° tep+'iyu, xak√≠ tep+kwiyu. Nep+xe'inie 'iwamarixi nekie El Buruato... XAK√ç KANIKWAIYAKA.
Social_media 	CONSTITUCI√ìN POL√çTICA DE LOS ESTADOS UNIDOS MEXICANOS ...	WEIYAK+ XITAKWA MIEME... SEMANA SANTA EN COLONIA ZITAKUA...
Social_media 	CONSTITUCI√ìN POL√çTICA DE LOS ESTADOS UNIDOS MEXICANOS	XEP+KAUYEWEK√Å 'IWAMARIXI XEYUINAIT+
Social_media 	Padres, sentencien con nuestro dormitorio"-	Tamatsi Kauyumarie ta kupuri mat+a meyueniet+*
Social_media 	y ha llorado mientras yo estaba en el campo"-	Ha tsuat+ me t+a ne ne hei yehuakaku*
Social_media 	-"T√∫ eres su esposo, duende"-	ek+ pa+na, chipeureuerieka*
Social_media 	que no puede ser as√≠	Kauka m+pa+ aneni
Social_media 	La ni√±a. No.	Uka nunutsi. Hawaik+.
Social_media 	¬øQu√© ir√° a ser de ella? .. Yo tambi√©n quiero ganarle.	Kekuta penawanieni rik+ uka apetewa. ..ne tsiere muwa p+netsinake ta iwamua wajets+a.
Social_media 	el cuervo caer√° sobre mi suerte, y la cargar√°. Tengan cuidado.	kuaits+ peukuweni ne walu,kalima la wiyat+.amarima ax+a.
Social_media 	qu√© es lo que hace mi mujer. Est√° robando a la ni√±a.	Ke kuta muwa pereyuriene ne ukaratsi. Penawairiene rik+ uka nunutsi.
Social_media 	Est√°s loco.	Aix+a pep+reu'erieka.
Social_media 	Pues... una mujer que realmente es viuda y ha quedado en indigencia. Y si un hombre piensa que es fiel a su esposo, ¬øno se sentir√° animado a cuidarlo?	Kuai...ukaratsi matsi rik+ p+'+imaririk+ akuxi..tawewiekame metseje'+wiyani aix+a pep+reu'erieka yunait+ ak+na tsiere yunait+ aix+a xep+tejeu'erieka.
Social_media 	que consumi√≥ mi madre.	k petitemaiku ne iwaru.
Social_media 	mostrando mi amistad..	Tsipep+titemaik+ ne hamika..
Social_media 	Tamaulipas.. Los extranjeros de San Blas...	Tatukari matinuiwax√º..! Teiwarixi San Blas makateniter√ºwa..!!
Social_media 	gracias juntos.	Pampariyutsi yunait√º.
Social_media 	Yo temblaba ...angelina cay√≥ cay√≥ sobre mi hombro como si fuera Navidad	ne ti neu yeh+virieka ...angelina neuka uy+vekax+a ne matxi je te+takekai navidad k+
Social_media 	-"Perm√≠tele que vaya y beba un bocado en el hocico..." -"pero ahora yo quiero que ustedes se vayan. Buenos d√≠as mi gente de Mar√≠a..que dicen... hola hermanos..."- lo que dice la gente de jes√∫s.	Ja'i'nepana na iwuanua warata ixate chuizeteana.....ke aku ne iwamua kexejait+ka hatsimariyatari..buenos dias mi gente de jesus maria..que dicen....hello my brothers..what the jesus maria people say.
Social_media 	perro, ojos saltones! ¬°Tus ojos me ven!	'A ts+k+, h+xite k+taxawi!! Kui punetsixeiya!!
Social_media 	que era tan joven como t√∫.	 ke ti temaik+ a hepa+.
Social_media 	Pueblo de mi pueblo.. ¬°Fuera de aqu√≠, ustedes han sido curados!	'Ukari ne kie kiekatari..! Tukari xenewauka, xeme xep√ºtatsayeh√ºt√ºwa..!
Social_media 	exactamente lo que hizo	yemets+ yuripepaine
Social_media 	si yo lo quiero comer...	+ nepeiye +wa...nepeikwaim+k+...
Social_media 	Ukilla no ten√≠a dinero para	Ukiratsi kepatme tumini pemeu
Social_media 	Buenas tardes	Etsiwa ts+karik+te
Social_media 	As√≠ es la flor.	√Å+ tuuturi.
Social_media 	Puente	Puwarika
Social_media 	donde quieras que te vea mi madre.	Hakewa pepeyeika nemama metseuxeiyam+k+.
Social_media 	A casa. Vuelvo a los muertos, ya no puedo m√°s aqu√≠.	Ne kie. Uxa√† xeikua nep√ºkuyani. warie ena nepukani.
Social_media 	mi cabeza m√°s grande que tu jabal√≠	nemupau aneme nekemate aixupuane
Social_media 	para que venga el veneno de alguien desconocida!...	Em+ panik+ uayeyari xewit+ kati mate!...
Social_media 	yo me entristezco... como un p√°jaro llorando.. s√≠	Ne peyuksheiweriet+ya...wiki matsuaka hepa+..k kuta
Social_media 	nunca salga alguien primero por aqu√≠!	kentiy+weni tsiet+ xewit meri te u uwa!
Social_media 	a ver si me hace el favor de visitarlos	heiwats+ x+ka aix+ ne uyu kuyurieni yani niuy+neni
Social_media 	¬°Ya no estoy aqu√≠! ¬°Nadie va a venir!"-	Yeri neka ni tuaka! xewit+ mi axe!
Social_media 	el joven perro esa flor era como si fuera una prima	temaik+yari ts+ echiwa tuturi hepa+ netini yu hek+a kait+ni prima
Social_media 	tantas como quieras con mi piel, c√≥rtala como yo pueda,	Keepa+meme Pemaat+k+ Ke Ne At+a Ne Kie,keetiuuru M+k+ Ne Wixi Ne Kani Mim+k+,jaaajaaja
Social_media 	un centavo s√≥lo por mi hambre... y luego por el hueco de una gran jarra	xei kiriwayarii xeik+a nepe axix+ ne hamik+... ent+t+ y luego empapa xeik+a jajja
Social_media 	M√≥n√≥n de Ampa√±a con Au	M+k+ Ts+ Ampapa Xei Waxayaritsie Ekame Au Yak+
Social_media 	CONSTITUCI√ìN POL√çTICA!	KE 'AKU IWAMARIXI WAIKAMETE!
Social_media 	con los cuales todo ser√≠a posible	M+k+ tat+ kem+tiy+waweni
Social_media 	Uuchichi es un lindo le√≥n,, jeje.	Uutsii tsipure churi maye,,, jeje.
Social_media 	BASE TERCERA HISTORIA!	KE 'AKU NE 'IWAMA XEYUNAIT+!
Social_media 	Gracias a mi tallo, t√∫ eres mi esposo	Pampariyutsi ne talu, 'ek+ pa+na
Social_media 	de que manera tan cobarde	Ke kuta uka wisti anet+
Social_media 	CONSTITUCI√ìN	XEP+KAUYEWEK√Å
Social_media 	¬°AIXETE!	¬°AIXE YEME!
Social_media 	de ninguna manera!!	Tsepa kuta at+ar+eyu k√©!!
Social_media 	tantas como yo las necesito! ¬øD√≥nde no las veo?	Xeime ne pauyeh+wa! Hakewa ne pikaxeiyawe!
Social_media 	Hace cuatro d√≠as	Yat+t+xeik+a
Social_media 	que los perritos le dec√≠an... buscaban de √©l...	Keri teiwarixi petiwak+h+awe...patiwaku itaiya....
Social_media 	Gracias a Dios y a todos los que nos ayudan.	Pampariyutsi tayutsi takaka+ma tateteima tsiere yunait+ xem+tatsi'uparewi.
Social_media 	¬°Eso es rid√≠culo!!,	Etsi xanini!!!
Social_media 	Nuestros hermanos	Tame waiku
Social_media 	hombres y mujeres est√°n en sus camas.	Kietiri ukari xetenepika.
Social_media 	Yo no lo como	Ne waiku e reikua
Social_media 	Un plato de harina	Etsiwa reikua
Social_media 	que c√≥mo se desgast√≥, no hay nada dentro de ella...	ket+ri pe ita x+ni, pumawe hapa+na anet+...
Social_media 	E, eh, que clase de	E,eeehh Ket+ kuta
Social_media 	Antes de dormir	Yareukuwet++
Social_media 	CONSTITUCI√ìN POL√çTICA.	PAMPARIYUTSI NET+RIYAMA.
Social_media 	CONSTITUCI√ìN POL√çTICA	TATEIMA WATUKARI
Social_media 	CONSTITUCI√ìN POL√çTICA	TANANASE T+ WAX+K√Å
Social_media 	Aretes de peyote.	TAKIEKARI NAIT+.
Social_media 	¬øY qu√© es lo que siembras con...?	'Ek+ ta kepetitew√° wixarikak+...?
Social_media 	que pas√≥?	Kehan+y+ne?
Social_media 	CONSTITUCI√ìN POL√çTICA.	PAMPARIYUTSI YUNAIT+.
Social_media 	Mis mujeres respondieron...	Neteukari netiku'eiyat+...
Social_media 	CONSTITUCI√ìN POL√çTICA DE LOS ESTADOS UNIDOS MEXICANOS.	KE'AKU NE'IWAMA YUNAIT+ XEMUYEHANE... NEP+XETSIWAURIT+WA.
Social_media 	CONSTITUCI√ìN POL√çTICA DE LOS ESTADOS UNIDOS MEXICANOS.	'AIX+ XETEU'ERIEKA HIK+ TUKARI 'IWAMARIXI.
Social_media 	¬øCu√°l es el final de la escala?	Kepa+ tiyuter+wa wix√°rikak+?
Social_media 	su nombre es cubierto por todo esto.	r+mi p+titewa wixarikak+ ik+ kuinie p+reuxuawe.
Social_media 	Gracias... Si quieres comer algo, mi casa te lo dar√©.	Pampariyutsi... X+ka pem+kwaim+k+ni Nekie waukawa kanix+aweni. Nemetsiwaurit+wa.
Social_media 	Si tu pie te lleva a pecar, c√≥bramelo y t√≠ramelo. En esos d√≠as tendr√°s una visi√≥n:	H+ stipahane pillo keneuka h+awi p+netsiat+kirieni, kepauka tukari repexeiya etsiwa Tep+tetixata.
Social_media 	Au, est√° bien, pero el pillo podr√≠a decirle...	Au, 'aix+ p+'ane, pillo pa+ nemih+aweni...
Social_media 	diez	X+mi p+titwa
Social_media 	Yo tambi√©n quiero dormir.	Ne tsiere rik+ rr+mi nepaukuaim+m+.
Social_media 	y yo lo arranque	Neta ne pei kuamtkt xtmi
Social_media 	Ven a mi casa...	K+m+ nekie....
Social_media 	yo he terminado	Ne ptnewatriya
Social_media 	Y el muchacho se ri√≥ del humo	A tya peyutatsenatt yeika karimutsi
Social_media 	Hermanos m√≠os, ustedes no creen.	Aix+ xeteu'erieka ne'iwama.
Social_media 	y se la comi√≥ y dijo tu se√±ora	Niu peukuaimukt tari munahane kanaineni a tya
Social_media 	Primero nuestros hermanos...	Ta'iwamari meri....
Social_media 	Vamos, los invito a ustedes a cenar...	K+m+ ri, nep+xe'inie h+rits√≠e...
Social_media 	BASE PRIMERA. Queda prohibida la transmisi√≥n en territorio nacional.	TAK√çE. Tatewar√≠ 'aur√≠e tekutet+.
Social_media 	PRIMERA HISTORIA...	K+M+ RI NEK√çE...
Social_media 	-¬°¬°Si alguien quiere aprender KANIWENI!!!	¬°¬°¬° X+ka xewit+ m+'+kit+am+k+ni KANIY+WENI !!!
Social_media 	CONSTITUCI√ìN..	MUXURI KANIXUAWENI..
Social_media 	nuestro coraz√≥n descansa	Ta'iyari tep+tiwaun√≠
Social_media 	Otorgar licencias y permisos para construcciones;	PINITE M+TIMAIWE.
Social_media 	montones de incienso aqu√≠ y all√°...	Tepuyuwa+kawa wixaritari 'ena yanarita...
Social_media 	__hch__	"Mat+ari mukahek+arix+ts√≠e mieme
Social_media 	nutridos de que antes, nuestros hermanos se encontraban en medio del mar,	Mep+tekuxaata kename meripait+, ta¬¥iwat+arima mehayek+ reyetewakaku haramarats√≠e,
Social_media 	S√≥lo brillaban la luna y las estrellas.	¬¥Etsiwa xeik+a ¬¥uhek+akaku metserik+, tsiere xurawetsixi wahek+.
Social_media 	Los ap√≥stoles, por su parte, daban testimonio de Jes√∫s, porque √©stos se hab√≠an apartado de nosotros para seguir sus propias tradiciones.	Kaka+yaritsixi, meteutixaataka, tats+ar√≠ mem+yehuukaik+ tamatsi ka'uyumari meheuwaut+kait+, h++rits√≠e pait+.
Social_media 	Iban de un lado para otro, cuando llegaron los montes y se pusieron en camino; y llegaron hasta la cumbre de la monta√±a sobre la que estaba asentado el rey. Entonces Pedro se encontr√≥ con un padre que lo hab√≠a traicionado y que hab√≠a traicionado a su padre. Lo envolvi√≥ en el fuego y comi√≥ en sus manos.	¬¥Emeteutewit+ r√≠ me¬¥uhuut+, h+ri ts√≠e r√≠ me heta¬¥ax+aku, tamatsi kauyumari yuxa+t√° peyuyetua memimienik+, m+k+ tari ¬¥iyarieya hikuri patua. ¬¥Ana ta ri yatiuy+ku, tats+ar√≠ meetsa m+y+ane yu niw√© p+yetua, ka heuniereme, tsiere ¬¥uti¬¥+tsaiwame, tsiere kwinimieme reuta m+iweme, m+k+ ¬¥ana taipa mepeih+a, yat√≠uh++yaku t√°u putinuiwax+, tats+ar√≠ tay√©u.
Social_media 	En ese momento los cazadores fueron derrotados, y el amanecer fue iluminado.	¬¥Ik+ ¬¥ana mat+ari teweweiyamete m√°xa mepumi, tsiere ¬¥ana mat+ari pukuhek+arix+.
Social_media 	Esta es la mesa de Wixarita."-	¬¥ipa+ mep+tekuxaata Wixaritari."
Social_media 	muerto en el jabal√≠	K+m+ri tuixuampa
Social_media 	que ma√±ana la ni√±a tendr√° que subir.	Ke aku uka nunutsi jakeperaka iyuniwa.
Social_media 	Ministro	Yurits+
Social_media 	verdaderamente	üòç h+ yurik+
Social_media 	que andas, ¬ød√≥nde est√°s yo en casa????	Ena pe tiuyeika, Aku ne kie?????
Social_media 	donde yo no he visto	Kepai ne ka atsi xeiyawe
Social_media 	Impulsar el respeto y conocimiento de las diversas culturas existentes en la naci√≥n.	a h+ wa'at+ kepai kwinimie pereu yewautse üòÇüòÇüòá yak+ ne paine au ‚ò∫Ô∏è
Social_media 	¬øQui√©n eres t√∫?	h+ kepai ek
Social_media 	Si no quieres, no debes hacerlo."-	a+m+ yak+ pekaraine, aix+ts+ p+ ka hait+. au üòÇ ne putimarii
Social_media 	Tambien un buen perro, mi compa√±era	Tam+ aix+ ts+ kamat+ , ne hamika
Social_media 	No es eso, ja, tal como t√∫ eres mi compa√±ero	hawaik+ kuta, hahah , aix+ ke ti neu erieka ek+ ne iwa
Social_media 	Mi cu√±ado	Neta'a kema Hutse
Social_media 	De modo que perdimos el juicio	Auu kuta tepitakwaniii
Social_media 	Por mi parte...	Ne han i kuta....
Social_media 	Caminaron unos gigantes	hu karik+ Xeime Tam+
Social_media 	La ni√±a	Uka nunutsi
Social_media 	que no tiene mi bolsillo.	Kauka rik+ ne pururentsia.
Social_media 	Nunca hay que despreciar a un amigo encima de los dem√°s.	haiiiii chiti ane masi yana tutset+ a heima kaka ja ja ja.
Social_media 	Nunca anden de caza ni por animales salvajes	Kam+ ta yekati ku niuwani kauka ts+ te kua ne ta yeix+ani unawasza
Social_media 	Adi√≥s. Adi√≥s.	Ak+uti√°..HaT+√°..
Social_media 	Estaba ansioso por regresar.	Kuinie kuta ekuyunemekuuu jeje.
Social_media 	Buenos d√≠as yo...	Kaku ne tatatsi....
Social_media 	T√≠tulo Primero	Tsunami xeutetemari
Social_media 	por qu√©	Ke kuta uka
Social_media 	Nep√≥. El menor	Nepuk. Metsivery
Social_media 	y ya no habl√≥ m√°s	Yak+ yak+ yak+
Social_media 	afuera?	X+ahui?
Social_media 	Buenos d√≠as, cierto jajaja	Ket+riiiiii, kewariiiiiii Xeiya jajaja
Social_media 	Lo que quiero es matarlo en mi boca	Hakevari m+haha+t+ ne pei'im+k+ n iva
Social_media 	El carruaje es mi m√°s joven	Carikusi ne i yutemavieca ne iguari
Social_media 	que nuestro venado no tiene comparaci√≥n	Matsiri tam+ch+ vaniu kautiy+ veni
Social_media 	SEGUNDA. De los Estados Unidos Mexicanos	HU WA.AT+>>>>3
Social_media 	Mi deseo es conservar la jajaja..	wa+ritsika ne panu wiyani jajaja..
Social_media 	-"¬°Claro que s√≠! ¬°Debe de ser un gigante!	A kauka... tam+ anet+t+ kani aneni!
Social_media 	estuvo envenenado...	Xeime pere¬¥uayemani...
Social_media 	para que venga el veneno de alguien desconocida!...	Em+ panik+ uayeyari xewit+ kati mate!...
Social_media 	CONSTITUCI√ìN POL√çTICA...	PE WA RU Kwi 'ini...
Social_media 	yo me entristezco... como un p√°jaro llorando.. s√≠...jj	Ne peyuksheiweriet+ya...wiki matsuaka hepa+..k kuta....jjj
Social_media 	Siete SSSS	Yeme wa at+ SSS
Social_media 	¬°Ya no estoy aqu√≠! ¬°Nadie va a venir!"-	Yeri neka ni tuaka! xewit+ mi axe!
Social_media 	tantas como quieras con mis pies, c√≥rtate conmigo y yo te ayudar√©,	Keepa+meme Pemaat+k+ Ke Ne At+a Ne Kie,keetiuuru M+k+ Ne Wixi Ne Kani Mim+k+,jaaajaajaa
Social_media 	M√≥n√≥n de Ampa√±a con Au	M+k+ Ts+ Ampapa Xei Waxayaritsie Ekame Au Yak+
Social_media 	¬°Tampoco! Por cierto... Jej	Tam+! Ukits+ karik+... Jej
Social_media 	por ejemplo el aceite de oliva!	tam+ paraxi teukarieya! taparie kiekame...
Social_media 	¬°All√≠ est√° el gigante!	tam+ anet+t+ kani aneni!
Social_media 	Mi deseo es conservar la jajaja..	wa+ritsika ne panu wiyani jajaja..
Social_media 	SSSS c√≥mo te mantienes siempre con tus pies... la paja	SSS ke kuta neu itserie a +kate ne xeiyat+...jaja
Social_media 	que las SSSSSS no saben de d√≥nde vienen!!J	SSS SSS watuteya kuta xeka nanaimat+ au!! jj
Social_media 	mierda de jen"-	neuka i axe karik+ jej
Social_media 	CON UN GOLPE	KE KE NAN I XEIK+ari
Social_media 	puedes decir que est√°s loca!	aku xeniu penkauka ma!
Social_media 	Dicen que los jarros	Aku xeniu jajaja
Social_media 	Por desgracia la jajajajaja...	Tam+ makahuta jajajajaja...
Social_media 	la puerta... yo la bebo... que me bes√≥. ¬øSer√≠a posible que	kupari... neti kuye... kenetsiu ix+ari.. peka yu kwatset+ kuta
Social_media 	pues el__en____en__	Matsiri nepar+
Social_media 	todo se desprendi√≥ de la jajaja	nai pereu x+t+a jajaja
Social_media 	Bueno, yo soy el primero ahora que estoy bajo un puente... y no puedo entenderlo f√°cilmente	nerik+ pa+ neuy+ka meri hik+ neka naka hat+ yeika... kaika tinemaiwe t+ka
Social_media 	y el oro no sopla como las estrellas...	Yuri yaki pekaraine pekatiuka itawa xurawe hepai...
Social_media 	-"La gente a qu√©...	Kwi titakita...
Social_media 	Estaba hilado	Kareta xuawiii
Social_media 	La mam√° es una de las cabritas m√°s grandes y...	Tita ti h+k+ m+k+ tsipu xixieya wa at+...
Social_media 	ese es nuestro jard√≠n	tam+ echiwa timariyat+ jjj
Social_media 	CONSTITUCI√ìN POL√çTICA DE LOS ESTADOS UNIDOS MEXICANOS	TITA TIH+K+ K+RINKUTSIXI WA UAYE HETSIII
Social_media 	Eso s√≠ que es gratis	Tam+ echiwa timariyat+ jaj
Social_media 	JIJIJIJIJIO DE LA HISTORIA	JIJIJIJI HETSiiii me yu wa+kawa nik+ hiii
Social_media 	As√≠ que podr√≠as hacer...	m+tat+ kentiy+weni me...
Social_media 	As√≠ que llam√≥ a la SSS! Y no quer√≠a quitarle la llave	M+pa+ pekait+ au Wawixi SSS! Kataku nei nawamieni jeje
Social_media 	nuestro no es	tam+ pa+katiane
Social_media 	en verdad...	yurik+ h+me....
Social_media 	hacer	M+k+tat+ yuri
Social_media 	Nosotros--	Tatei-Kie tek+a...
Social_media 	as√≠ que ya no podemos comer m√°s!	Tam+ tem+ ta wati yekwaiyatax+ tsie yate yu pa+t+!
Social_media 	ya puede hacer d√≠as	ya re ane ri hik+
Social_media 	Buenos d√≠as... Querida doncella, las doncellas...	Ke aku... Kewari tsinari ,, +imarixi... Nei iemeri ne peukuni
Social_media 	peyote	Tsankuri
Social_media 	Sus cuervos	Ukilai yatsariyaya
Social_media 	Siempre hay una gran cantidad	tam+ wa+kawa matexuawe
Social_media 	Buenos d√≠as,, ¬øy qu√© otras muchachas	Ke aku,,, kewari tsinari ukari +imarixi
Social_media 	Yo ya estaba enfermo,	Ne pehautst+ariekairi,,,,
Social_media 	Est√° bien! Sigui√≥ entonces las dos	aix+ts+! pa+t+t+rik+ pak hutare jjj
Social_media 	yo debo tener hambre...	Ne peuhakam+k+..k ane neramimie...
Social_media 	o qu√© trabajaron	yakuta mete uximayata
Social_media 	es mi traer traer el lobo	kari ne hapa+ meukayu +raraxie
Social_media 	y en medio de los campos se	n warate akaku k pa√≠ jjj
Social_media 	mis gatos...	Ne mitsuri...tam+
Social_media 	Mis parientes, mis hermanos, mis amigos est√°n a√∫n en oscuridad!... ¬°Ya tenemos un sue√±o!	Ne marema, ne 'iwama, ne hamikuma xeke neu kutsuniri pu y+wi!... Teuwa reu hein+kaniri! 'Uxa 'a ta
Social_media 	-"Voltea a nuestro favor, por eso.. que podr√≠a ser...	Nawa s+kat+ tateikie ,mieme..ke ane peikiere...
Social_media 	Yo pregunt√©..	Ne puti iwatsi..
Social_media 	Queridos pollitos..., muchachas	Kewari tsinari...,+imarixi
Social_media 	Jajajaja s√≠. Lajaja no ten√≠a miedo	Jajajaja hu metat+.jajaja kauyukate wiyat+
Social_media 	Toma mi guisante... eso quiere decir, eso significa... ustedes est√°n aqu√≠... mis pajaritos	Tsiuka tiu wiwiye...ya xeik +@,,tiuyune t+t+....xene uwatsie...ne jamikumas
Social_media 	-"Tengo... que llevarte de regreso."-	Neukum+t+....ke paits+ neutatu nuaka..t+karik+...jjjj
Social_media 	haciendo una mesa en la mesa!	tawewiekame kere ku xata aku!
Social_media 	De ah√≠ la invitaci√≥n m√≠a	echiwa kuta ne iniet+
Social_media 	yo tengo	nene p+ ye e
Social_media 	y llor√≥ conmigo a la ma√±ana siguiente...	Peutitsuani ne has miyu...
Social_media 	que tu ganchito est√° listo	Ke ane kuluci pana yuka heiverie
Social_media 	te golpe√©.. con la	Neretikwewax+tsie..jjjjk
Social_media 	Jijiji estaba demasiado asustado de mi hombre	Jijiji ti ta yari kari peuma ne uki ne matieriekai
Social_media 	T√≠max.. de az√∫car	Tsimanixi..teukarimama
Social_media 	Jajaja se acerc√≥ y recogieron	Jajaja hu 'aku mt meteht kt
Social_media 	Jajaja es mi manto...	Jajaja ne mataits+...
Social_media 	D√©jame ir...	Neu ti tuye....
Social_media 	que no tengo miedo...	Peka ne tiuti maka...
Social_media 	-"Voltea..yo veo.. Adi√≥s.	K paits+ri..ne haunieret+..Wa+kawa..
Social_media 	exactamente	Aku yeme
Social_media 	Bueno, pues el dinero que llevo, quiere decir.	Aku tumini ne ku +it,+@ riwat+..xek,+@
Social_media 	Sucedi√≥ que tienes un enorme agua...	Matsiri `ekt ya pe `anett ha...
Social_media 	El__en__	Matsiri ne
Social_media 	MI HERMANO.. TERCERA.	NE YU MAKAXE..UKARIRI MATSI..
Social_media 	De la jarra... de la gigante	Jajja kepaitst... ya `anett
Social_media 	Hace... una vez...	Hu wat+..tsineti anet+...
Social_media 	-"Llevamos al tren..jjjj	K paits+ T+remuku..jjj
Social_media 	MI.. CONSTITUCI√ìN. DE UN GOLPE. REFORMACI√ìN. Piensa:	NE..KWEKWEMA..NE NEWARA ERIWAT+....kaneikiwet+ ts+ kentiyuk+h+aweni...
Social_media 	MUAT... que quiere decir...	MUA M+...tita tiy+@ne...
Social_media 	nunca fallar√°..jj	itsari kare x+ni..jjj
Social_media 	S√≠, podemos mirar	Hu kasi,tsikere tepetaneniereni
Social_media 	juzgando a mi padre azul... mi abuelita me comi√≥,	Hariyutsi papa ne pa eriwa yuyuawime...aku ne kutsi ne tsetimikwa...
Social_media 	La Jajaja es nuestro padre azul oscuro...	Jajaja tamt ta titari paapa yuyuawi pera `eriwa...Jaja
Social_media 	Arriba.. un m√°gico	A h+naripA..maxatsita
Social_media 	√âl siempre ten√≠a algo que decirnos.. ..primen...	Echiwa r√≠ aix+ te penatiyuru wani....kwit+ mieme....tentihiwa...
Social_media 	la viva hacia los robles	viva aikutsita y kuyuaneneme jej
Social_media 	T√≠o.. Trae.je	Tsiepari..neurat+maim.jeje
Social_media 	Buenos d√≠as...	Pu wiwiye...
Social_media 	K entonces... hab√≠a olvidado ahora un perro que yo resplandec√≠a... y gritaba tan bien como pod√≠a...	K kuta...neurat+maiyakai hik+ ts+ ne xawati...kaiwat+ chiet+ aix+ neitawauni...
Social_media 	como si fueran mezquitas...	Wa 'at+ mezquitin...
Social_media 	Yo tengo hambre. Uno est√° llorando. Yo se lo com√≠. seguro que s√≠.	Ne peuhakam+k+.xewit+ tsuira ..ne neumikwa..x+@ ui kuta.
Social_media 	√âl es nuestro panchulewA... quien se quejaba l√≥gicamente	Echiwa te panchulewA....kuta me peyuku kwet@t+@
Social_media 	Bueno, vamos a pasar la noche .... S√≠	K+m+t+ka teni kwaich+payuni ....hay+@
Social_media 	Al anochecer...jeje	Echiwa t+kaku....jeje
Social_media 	D√©jala ir.. ..pero no seas cazada l√≥gicamente	Te kwaich+pat+wet+.. .pero ts+ ukari xeik+@ jejeje
Social_media 	que es... que se me ha pegado a la cara..	Ke kuta ...neutikuye ne peu y+ +raxie.....
Social_media 	Mi novio... debe	Ne y+ +kit+anet+...tam+
Social_media 	Ahora... lajaja	M+k+tat+...jajaja
Social_media 	Cel... V√≠stete... nada m√°s...	Cel...kemariteya...tam+ xeik+....
Social_media 	Tambien mi jarra...	Tam+ ne xamaruta...
Social_media 	en la escuela estaba hablando	lichi kanawet+.....a teukari katinikuxatani
Social_media 	o sea, nuestros hijos ... ustedes	ksiuma kata nuyemama ...temari
Social_media 	la jajajajajajita tiene tu nariz	jajajajjajajajj k+kame a tsume
Social_media 	el pajarito de soldado solamente	jajajjajajjajaj w+we de kuya xeik+a
Social_media 	S√≠, claro que mi compa√±ero.	hu aix+ ts+ ne ane eki ne iwa .
Social_media 	√âl fue quien present√≥	Tita petixata ne iwa
Social_media 	-"Debes comerla y beberla contigo."-	Aixi pekwatiane kueaaa aku kwarupa jajaaa me aku
Social_media 	-"Tengo una navaja.	Nemetsi nawani.
Social_media 	que el hombre... no debe	Ke aku uki...hawaik+ matsi
Social_media 	ya sabes muy bien que mi hermano necesita una jajaja	a nekiets+ ats+nautimate matsine jajaja k+m+ts+ari
Social_media 	que era	Que kuta temaikt
Social_media 	tu coraz√≥n se abre	A iyari payuhekta neunama
Social_media 	El Jeje ya estaba sentado.	Jeje yarikuu heerieri paka.
Social_media 	-"Uno es mi cuna, el Tito jijijii.	Uuuutsi ne kunatsi, Titari jijijiii.
Social_media 	Municipio	Muk√ºtat√º
Social_media 	que debemos de hacer para salvarnos	Ketukuta rik+ yak+t+keteneuyu h+ketu
Social_media 	Kturi.	Kturi.
Social_media 	hoy...???	Ket+rik+.......??
Social_media 	Buenos d√≠as	Kuaiiii rapinenaa
Social_media 	es la lista de... t√∫... t√∫... t√∫...	kaivat+¬ø¬ø¬øek+..matsiii.....perahuraaaaaa.....
Social_media 	Ay...	Ay kepaikuta.....
Social_media 	Por lo que respecta a Zhenia	Ket+rik+ ZhenAida
Social_media 	que nuestro venado no tiene comparaci√≥n	Matsiri tam+ch+ vaniu kautiy+ veni
Social_media 	Lo que me hiciste todo ser√° m√≠o y yo lo ve√≠a tan bien que √©l...	Ke kuta penetsi uyuri nait+ri ne pansim+ni meta ne me tsi uxei tsie ena pai ne me tsi chenekai....
Social_media 	nuestros paisanos tambi√©n	tam+ tekate hu
Social_media 	Un profundo jeje	Hauki yats+ jeje
Social_media 	y qu√© es lo que	titata m+k+
Social_media 	De modo que	Masi kuta h+
Social_media 	igual que yo	ne hepa+ xeyk+a
Social_media 	S√≠, claro que eres un jabal√≠...jeje	Hu tsu aixu yuri pepaine...jeje
Social_media 	La jarra se hundi√≥	Jajja huuriku
Social_media 	de modo que nada	yak++++
Social_media 	Jejeje... Entonces tom√≥ el cuchillo	Jejeje... Yak+ paretaine jiji
Social_media 	S√≠, por supuesto que s√≠	Huu de yuri e m+ nenek+ jejej
Social_media 	ya sabes muy bien que mi hermano necesita una jajaja	a nekiets+ ats+nautimate matsine jajaja k+m+ts+ari
Social_media 	Caperucita	Kuta ukary
Social_media 	-"¬øPor qu√© es eso? jeje	titari m+k+? jeje
Social_media 	mi cu√±ado.	Ne kema.
Social_media 	-"¬°T√∫!, S√≠, claro que s√≠!	ek+tsi!! Heet!! Ketsi ke ane! Jeje
Social_media 	Es una navaja... Jeje..	H+ nawa tawaiya... jejeje..Ôªø
Social_media 	el peyote azul	hikuri yuawy
Social_media 	La joven.. Mi vecina, barredera	+imari'.. Ne iwa', wixarika'
Social_media 	est√©s bien..	Aix+a pereuerieka..
Social_media 	Cuantas a√±os has de recorrer..	Tsepa kepa+ witari pemuweiyani'ri..
Social_media 	No he dicho nada sino lo que has dicho.	neuka'euta kwikawe xeik+a ts+ari ya neka' niutay+ni..
Social_media 	Gracias a:3, t√∫ siempre est√°s de acuerdo, pero en nuestros d√≠as siempre hay una mirada fija que dice:D	Pampariyutsi :3 , ek+ tsiere aix+ peu reu erieka, ta tukari m+ yiyeika chiteteyuxeiyat+ ta niu iwam+k+ :D
Social_media 	Al√≠ con una chimenea	Alii uka chipe anet+
Social_media 	Est√°s bien para ir al pr√≠ncipe! Los magistrados golpearon las ramas y las sostuvieron	Aix+ pereu mieni primita! Mutiraxi pewareti watsi+xame pewara t+ni au jaj
Social_media 	No importa lo que diga...	Tsepats+ tita aix+ kani y+m+k+ ... \n KAM+XENIU NANTAY+M+K+ KE EK+
Social_media 	Est√° bien! Sigui√≥ entonces las dos	aix+ts+! pa+t+t+rik+ pak hutare jjj
Social_media 	En cuanto a nosotros, llevando todos el rostro descubierto y reflejando la gloria de Dios, vamos incorporando su imagen cada vez m√°s resplandeciente bajo el influjo del Esp√≠ritu de Dios, para que tengamos nuestra morada eterna en Dios.	Wixaritari keteteku'eriwat+ temu'uwa, takiekari hetsie tenuat+, tetakumait+ kename kay+we temuteuyehuani, ta 'iyari te tseiriyat+, ta 'iyari teukayetsat+ manatemeti'uweni, uxa√° warie temu'uwanik+*
Social_media 	porque tenemos un Esp√≠ritu que resplandece dentro de nosotros hasta Dios, y nos libra del poder de las tinieblas.	ipat+ 'iyari temeuwa+t+ka, kaka+yari tsata t+t+ te'u 'uwat+...tak+mana tepeuyunanaima, pitikupine ta hetsiemieme t+t+......xaitsie 'iyari tep+kaheuwa+t+kani.......wa+ritsika...A+KWE.
Social_media 	Gracias, claro"-	Pampariyutsi, yuri tset+*
Social_media 	tu jabal√≠ vivo	aixu ane muku
Social_media 	Como puedes ver, podemos dormirnos.	H+ wa'at+ lasuni pepexeiya, 'ayumieme temuwiyer+wa.
Social_media 	es mi hermano Augusto Mijorez, quien tiene su descendiente en Nibetzi	P+nianeni tam+ neiwa Aukwe Mijarez yu tzi teayerreiyat+ tamama Niwetzika
Social_media 	el pozo es grande	kaukatsi p+tene aneni
Social_media 	que en verdad est√°s loco, y crees que no lo eres.	yurik+ts+ aix+ pepaine Aukwe, aix+a pep+reu¬®erieka.
Social_media 	Es tu esposo de la SSS, donde estamos."-	Ek+ pa+na SSS, mana tepeti'uweni*
Social_media 	Perd√≥nanos el mal que hacemos, como tambi√©n Dios nos ha hecho creer.	Tem+teheuyeh+ani, ta'iyari tetseiriyat+ 'uxa'awarie
Social_media 	as√≠ es	Pa+aneni kuta
Social_media 	gracias a mi esposo SSS	Pampariyutsi ne k+na SSS
Social_media 	otros dicen que son m√≠os	Yak+ ne maine jait+ts+
Social_media 	el hombre dice	hauki ak+tsi pemaine
Social_media 	All√≠ te ve√≠as tan hermosa que hasta las primeras como un arroyo.	Hi tsi petitemaik+ ya xeik+a meripait+ hapa+ aki.
Social_media 	Varones, hermanos, ustedes los samaritanos, hombres y mujeres, y ustedes, los samaritanos, son gente de paso entre ustedes. Por eso les rogamos que se re√∫nan conmigo este domingo, a las nueve de la ma√±ana.	'iwamarixi wix√°ritari xemuyehane, temari, 'uimarixi, 'ukitsi, 'ukari, xeyunait+ xemukutet+k√° tep+xe'in√≠e 'ik+ tumikuti ximeri 9:00 'upaukakaku. XEPUKAUYEWEK√Å ne'√¨wama.
Social_media 	el ni√±o no me dec√≠a nada.	nunutsiyari ne yau pa+netih+awekai..
Social_media 	con mujeres preciosas..	ukari tsimeteuka iyari..
Social_media 	contigo solamente con tu dinero derivado...	a hetsie mapakaw+¬¥ka xeik¬¥+a a tumini ma uweiyat+...
Social_media 	-"¬øQui√©n?? ¬øQui√©n sabe? ¬øQui√©nes son?"-	KE KUTA¬°¬°?? KE KUTA ¬°¬°'? PENETSIUYRI..?
Social_media 	CONSTITUCI√ìN POL√çTICA DE LOS ESTADOS UNIDOS MEXICANOS	TEWAPAIT+ NE PAUYAWIE... ........ ...... TUTU CHIMU¬¥ANE
Social_media 	De un lado para otro	'Ukari Wix√°ritari
Social_media 	Hombres y mujeres marchan hacia la casa	'Ukari meta 'ukitsi Tatei kie mem+tawiya
Social_media 	que es lo que est√°s diciendo!-	ke kuta pe'utaine ek+!!
Social_media 	qu√© feliz est√° hoy tu vida	aix+ keneyu temawieka hik+ a tukaritsie
Social_media 	En cuanto a ustedes, hermanos, vivan en paz, y tengan paz los unos con los otros, aunque sean vecinos de la familia y vecinos de Cristo.	ke aku iwamarixi, wa+ritsika xeun naakeni, aix+ xeteheu'erieka 'iwamarixi, tsepa kewapait+ xeme'uwa xekiekari xetsiwima, muwapait+ mekanieret+ mexetsi'+wiya...
Social_media 	Buenas tardes para todos.	Ke aku iwamarixi.. Kexete y+riyarie
Social_media 	f√°cilmente	Haix+a yeme
Social_media 	Piensas bien que hoy has nacido de tu vientre;	'Aix+ pereu'erieka hik+ 'atukari pemutinuiwax+ts√≠e.
Social_media 	Amado, est√°s pensando en un ni√±o.	Nemetsinaki'erie, pa+ pera'eriwani 'uk√° nunutsi.
Social_media 	¬°KOMA y paz!	¬° KE'AKU NE'IWAMA !
Social_media 	En cuanto a nosotros, nuestra vida vale mucho m√°s que la comida, y nuestros hermanos, nuestros parientes y amigos m√°s, hasta el d√≠a de hoy, saben que nuestro coraz√≥n est√° bien.	Hik+ 'aix+ 'iyari tepaka 'iyuni... ta iwama, ta marema, me mumawe watukari matine. Ne ne'iyari 'aix+ p+'ane hik+ tukarik+ te maye'eeri.
Social_media 	Todos mis hermanos los han desamparado. ¬øNo han hecho acaso algo bueno? Tambi√©n han hecho lo bueno, ¬øy no se acuerdan de nosotros?	X+ka hik+ yunait+ ne 'iwama yu marema xete wareukumawiriex+ani 'aix+ 'ane. Huta te kwa wareutax+rieka, aix+ 'ane x+ka tukarik+ tewaraye'eriwani.
Social_media 	sabemos que est√°n ah√≠ sentados tomando cuidado...	Tete'akumate kename mana pait+ me 'aka 'uut+ me ta tsi '+wiya...
Social_media 	Estando nosotros aqu√≠ reunidos en busca de refugio, si al cabo de alg√∫n d√≠a √©l les da...	Hik+ ye te muy+ 'uwa mautiyune tewaraye'eriwat+ mana te petiwekeni x+ka te tukari ta tiu pi t+waani...
Social_media 	Con estos d√≠as subi√≥ de nuevo	Hik+ tukari matit+a tawarita
Social_media 	Entonces el Esp√≠ritu Santo descans√≥ sobre nosotros.	'Aix+ 'iyari te pau 'uuxipieka.
Social_media 	gracias.	Pampariyutsi.
